Cliente,Produto,TotalVendas
"Alfreds Futterkiste","Aniseed Syrup",60.00
"Alfreds Futterkiste","Chartreuse verte",283.50
"Alfreds Futterkiste","Escargots de Bourgogne",503.50
"Alfreds Futterkiste",Fløtemysost,430.00
"Alfreds Futterkiste","Grandma's Boysenberry Spread",380.00
"Alfreds Futterkiste",Lakkalikööri,270.00
"Alfreds Futterkiste","Original Frankfurter grüne Soße",20.80
"Alfreds Futterkiste","Raclette Courdavault",825.00
"Alfreds Futterkiste","Rössle Sauerkraut",604.20
"Alfreds Futterkiste",Spegesild,18.00
"Alfreds Futterkiste",Vegie-spread,878.00
"Ana Trujillo Emparedados y helados","Camembert Pierrot",340.00
"Ana Trujillo Emparedados y helados",Gudbrandsdalsost,28.80
"Ana Trujillo Emparedados y helados",Konbu,60.00
"Ana Trujillo Emparedados y helados","Mascarpone Fabioli",320.00
"Ana Trujillo Emparedados y helados","Mozzarella di Giovanni",348.00
"Ana Trujillo Emparedados y helados","Outback Lager",60.00
"Ana Trujillo Emparedados y helados","Queso Cabrales",42.00
"Ana Trujillo Emparedados y helados","Singaporean Hokkien Fried Mee",70.00
"Ana Trujillo Emparedados y helados","Teatime Chocolate Biscuits",64.40
"Ana Trujillo Emparedados y helados",Tofu,69.75
"Antonio Moreno Taquería","Alice Mutton",702.00
"Antonio Moreno Taquería","Boston Crab Meat",165.60
"Antonio Moreno Taquería",Chang,380.00
"Antonio Moreno Taquería",Chocolade,162.56
"Antonio Moreno Taquería",Geitost,92.00
"Antonio Moreno Taquería","Gumbär Gummibärchen",796.37
"Antonio Moreno Taquería","Ipoh Coffee",586.50
"Antonio Moreno Taquería","Louisiana Hot Spiced Okra",68.00
"Antonio Moreno Taquería","Perth Pasties",820.00
"Antonio Moreno Taquería","Queso Cabrales",1348.20
"Antonio Moreno Taquería","Raclette Courdavault",742.50
"Antonio Moreno Taquería","Ravioli Angelo",87.75
"Antonio Moreno Taquería","Rhönbräu Klosterbier",232.50
"Antonio Moreno Taquería","Sasquatch Ale",560.00
"Antonio Moreno Taquería","Singaporean Hokkien Fried Mee",280.00
"Around the Horn","Camembert Pierrot",510.00
"Around the Horn",Chang,228.00
"Around the Horn",Chocolade,137.70
"Around the Horn","Filo Mix",266.00
"Around the Horn",Fløtemysost,258.00
"Around the Horn","Gnocchi di nonna Alice",608.00
"Around the Horn","Gorgonzola Telino",1406.25
"Around the Horn","Guaraná Fantástica",90.00
"Around the Horn","Gustaf's Knäckebröd",84.00
"Around the Horn","Inlagd Sill",304.00
"Around the Horn","Jack's New England Clam Chowder",135.10
"Around the Horn",Konbu,96.00
"Around the Horn","Laughing Lumberjack Lager",210.00
"Around the Horn","Manjimup Dried Apples",1060.00
"Around the Horn","Outback Lager",627.00
"Around the Horn","Pâté chinois",504.00
"Around the Horn","Perth Pasties",590.40
"Around the Horn","Ravioli Angelo",1170.00
"Around the Horn","Röd Kaviar",45.00
"Around the Horn","Sir Rodney's Marmalade",3847.50
"Around the Horn",Spegesild,319.20
"Around the Horn","Steeleye Stout",72.00
"Around the Horn","Valkoinen suklaa",585.00
"Around the Horn","Zaanse koeken",237.50
"B's Beverages","Aniseed Syrup",240.00
"B's Beverages","Boston Crab Meat",147.00
"B's Beverages",Geitost,37.50
"B's Beverages","Gnocchi di nonna Alice",608.00
"B's Beverages","Gustaf's Knäckebröd",441.00
"B's Beverages","Ipoh Coffee",1380.00
"B's Beverages",Konbu,138.00
"B's Beverages","Manjimup Dried Apples",127.20
"B's Beverages",Maxilaku,120.00
"B's Beverages","Mozzarella di Giovanni",34.80
"B's Beverages","Outback Lager",105.00
"B's Beverages","Raclette Courdavault",220.00
"B's Beverages","Ravioli Angelo",117.00
"B's Beverages","Sir Rodney's Scones",262.00
"B's Beverages",Spegesild,180.00
"B's Beverages","Steeleye Stout",360.00
"B's Beverages","Tarte au sucre",493.00
"B's Beverages","Uncle Bob's Organic Dried Pears",840.00
"B's Beverages","Wimmers gute Semmelknödel",239.40
"Berglunds snabbköp","Alice Mutton",312.00
"Berglunds snabbköp","Aniseed Syrup",300.00
"Berglunds snabbköp","Boston Crab Meat",1380.00
"Berglunds snabbköp","Camembert Pierrot",1088.00
"Berglunds snabbköp",Chai,472.50
"Berglunds snabbköp",Chang,299.25
"Berglunds snabbköp","Chartreuse verte",410.40
"Berglunds snabbköp","Chef Anton's Cajun Seasoning",237.60
"Berglunds snabbköp","Côte de Blaye",3557.25
"Berglunds snabbköp","Filo Mix",175.00
"Berglunds snabbköp",Fløtemysost,688.00
"Berglunds snabbköp","Guaraná Fantástica",63.45
"Berglunds snabbköp","Gula Malacca",248.00
"Berglunds snabbköp","Gumbär Gummibärchen",1193.29
"Berglunds snabbköp",Ikura,620.00
"Berglunds snabbköp","Ipoh Coffee",2760.00
"Berglunds snabbköp","Jack's New England Clam Chowder",327.50
"Berglunds snabbköp",Konbu,36.00
"Berglunds snabbköp",Lakkalikööri,283.50
"Berglunds snabbköp","Mascarpone Fabioli",288.00
"Berglunds snabbköp",Maxilaku,300.00
"Berglunds snabbköp","Nord-Ost Matjeshering",1035.60
"Berglunds snabbköp","Pâté chinois",384.00
"Berglunds snabbköp",Pavlova,188.46
"Berglunds snabbköp","Perth Pasties",393.60
"Berglunds snabbköp","Raclette Courdavault",660.00
"Berglunds snabbköp","Rhönbräu Klosterbier",337.13
"Berglunds snabbköp","Röd Kaviar",300.00
"Berglunds snabbköp","Rössle Sauerkraut",2143.20
"Berglunds snabbköp","Sir Rodney's Marmalade",1814.40
"Berglunds snabbköp","Steeleye Stout",115.20
"Berglunds snabbköp","Teatime Chocolate Biscuits",230.00
"Berglunds snabbköp","Thüringer Rostbratwurst",928.43
"Berglunds snabbköp",Tofu,372.00
"Berglunds snabbköp",Tourtière,240.48
"Berglunds snabbköp",Vegie-spread,280.80
"Berglunds snabbköp","Zaanse koeken",464.55
"Blauer See Delikatessen","Camembert Pierrot",714.00
"Blauer See Delikatessen","Carnarvon Tigers",625.00
"Blauer See Delikatessen","Chartreuse verte",90.00
"Blauer See Delikatessen",Lakkalikööri,252.00
"Blauer See Delikatessen","Manjimup Dried Apples",424.00
"Blauer See Delikatessen","Queso Cabrales",294.00
"Blauer See Delikatessen","Ravioli Angelo",78.00
"Blauer See Delikatessen","Rössle Sauerkraut",136.80
"Blauer See Delikatessen","Sir Rodney's Scones",230.00
"Blauer See Delikatessen","Sirop d'érable",114.00
"Blauer See Delikatessen",Tourtière,149.00
"Blauer See Delikatessen","Zaanse koeken",133.00
"Blondel père et fils","Alice Mutton",936.00
"Blondel père et fils","Carnarvon Tigers",956.25
"Blondel père et fils",Chai,450.00
"Blondel père et fils","Chartreuse verte",864.00
"Blondel père et fils","Côte de Blaye",2108.00
"Blondel père et fils","Filo Mix",112.00
"Blondel père et fils","Gnocchi di nonna Alice",1094.40
"Blondel père et fils","Gorgonzola Telino",1031.25
"Blondel père et fils",Ikura,347.20
"Blondel père et fils","Jack's New England Clam Chowder",110.01
"Blondel père et fils",Lakkalikööri,180.00
"Blondel père et fils",Maxilaku,560.00
"Blondel père et fils","Mozzarella di Giovanni",556.00
"Blondel père et fils","Outback Lager",240.00
"Blondel père et fils","Pâté chinois",410.40
"Blondel père et fils","Queso Cabrales",624.75
"Blondel père et fils","Raclette Courdavault",660.00
"Blondel père et fils","Ravioli Angelo",292.50
"Blondel père et fils","Rhönbräu Klosterbier",133.92
"Blondel père et fils","Rössle Sauerkraut",1092.00
"Blondel père et fils",Spegesild,48.00
"Blondel père et fils","Tarte au sucre",1379.00
"Blondel père et fils","Thüringer Rostbratwurst",3465.00
"Blondel père et fils",Tourtière,165.20
"Blondel père et fils","Wimmers gute Semmelknödel",718.20
"Bólido Comidas preparadas","Alice Mutton",1170.00
"Bólido Comidas preparadas","Chef Anton's Cajun Seasoning",422.40
"Bólido Comidas preparadas","Filo Mix",224.00
"Bólido Comidas preparadas","Ravioli Angelo",249.60
"Bólido Comidas preparadas","Rhönbräu Klosterbier",310.00
"Bólido Comidas preparadas","Thüringer Rostbratwurst",1856.85
"Bon app'","Alice Mutton",592.80
"Bon app'","Boston Crab Meat",772.80
"Bon app'","Carnarvon Tigers",2450.00
"Bon app'","Chartreuse verte",378.00
"Bon app'","Chef Anton's Cajun Seasoning",935.00
"Bon app'",Fløtemysost,645.00
"Bon app'","Gnocchi di nonna Alice",855.00
"Bon app'","Gorgonzola Telino",35.63
"Bon app'","Grandma's Boysenberry Spread",1562.50
"Bon app'",Gudbrandsdalsost,675.00
"Bon app'",Ikura,1116.00
"Bon app'","Inlagd Sill",570.00
"Bon app'","Ipoh Coffee",1398.40
"Bon app'","Jack's New England Clam Chowder",87.78
"Bon app'",Konbu,120.00
"Bon app'",Lakkalikööri,360.00
"Bon app'","Louisiana Fiery Hot Pepper Sauce",199.98
"Bon app'","Manjimup Dried Apples",1855.00
"Bon app'","Mozzarella di Giovanni",556.80
"Bon app'","Northwoods Cranberry Sauce",340.00
"Bon app'","NuNuCa Nuß-Nougat-Creme",560.00
"Bon app'",Pavlova,918.74
"Bon app'","Ravioli Angelo",204.75
"Bon app'","Rhönbräu Klosterbier",139.50
"Bon app'","Singaporean Hokkien Fried Mee",399.00
"Bon app'",Spegesild,252.00
"Bon app'","Tarte au sucre",621.18
"Bon app'","Teatime Chocolate Biscuits",69.00
"Bon app'",Tofu,348.75
"Bon app'",Tourtière,230.10
"Bon app'",Tunnbröd,108.00
"Bon app'","Uncle Bob's Organic Dried Pears",1515.00
"Bon app'","Wimmers gute Semmelknödel",877.80
"Bon app'","Zaanse koeken",213.75
"Bottom-Dollar Markets","Alice Mutton",1404.00
"Bottom-Dollar Markets","Aniseed Syrup",200.00
"Bottom-Dollar Markets","Boston Crab Meat",551.25
"Bottom-Dollar Markets","Camembert Pierrot",2337.50
"Bottom-Dollar Markets",Chai,810.00
"Bottom-Dollar Markets",Geitost,135.50
"Bottom-Dollar Markets","Gnocchi di nonna Alice",684.00
"Bottom-Dollar Markets","Grandma's Boysenberry Spread",300.00
"Bottom-Dollar Markets","Guaraná Fantástica",101.25
"Bottom-Dollar Markets","Gula Malacca",758.58
"Bottom-Dollar Markets",Ikura,1326.80
"Bottom-Dollar Markets","Ipoh Coffee",414.00
"Bottom-Dollar Markets","Jack's New England Clam Chowder",154.00
"Bottom-Dollar Markets","Manjimup Dried Apples",1272.00
"Bottom-Dollar Markets","Mozzarella di Giovanni",1218.00
"Bottom-Dollar Markets","Northwoods Cranberry Sauce",640.00
"Bottom-Dollar Markets","NuNuCa Nuß-Nougat-Creme",638.40
"Bottom-Dollar Markets","Outback Lager",360.00
"Bottom-Dollar Markets","Pâté chinois",288.00
"Bottom-Dollar Markets","Queso Cabrales",78.75
"Bottom-Dollar Markets","Raclette Courdavault",1020.80
"Bottom-Dollar Markets","Rhönbräu Klosterbier",77.50
"Bottom-Dollar Markets","Scottish Longbreads",525.00
"Bottom-Dollar Markets","Singaporean Hokkien Fried Mee",212.80
"Bottom-Dollar Markets","Tarte au sucre",4522.48
"Bottom-Dollar Markets","Uncle Bob's Organic Dried Pears",600.00
"Bottom-Dollar Markets","Zaanse koeken",171.00
"Cactus Comidas para llevar",Geitost,25.00
"Cactus Comidas para llevar","Gorgonzola Telino",12.50
"Cactus Comidas para llevar","Ipoh Coffee",322.00
"Cactus Comidas para llevar","Jack's New England Clam Chowder",96.50
"Cactus Comidas para llevar","Laughing Lumberjack Lager",280.00
"Cactus Comidas para llevar","Rhönbräu Klosterbier",155.00
"Cactus Comidas para llevar","Röd Kaviar",150.00
"Cactus Comidas para llevar","Rössle Sauerkraut",364.80
"Cactus Comidas para llevar","Sasquatch Ale",280.00
"Cactus Comidas para llevar","Scottish Longbreads",75.00
"Cactus Comidas para llevar","Steeleye Stout",54.00
"Centro comercial Moctezuma","Gravad lax",20.80
"Centro comercial Moctezuma","Sir Rodney's Scones",80.00
"Chop-suey Chinese","Camembert Pierrot",323.00
"Chop-suey Chinese",Chai,183.60
"Chop-suey Chinese",Chang,456.00
"Chop-suey Chinese","Gnocchi di nonna Alice",2667.60
"Chop-suey Chinese","Gravad lax",208.00
"Chop-suey Chinese","Guaraná Fantástica",45.90
"Chop-suey Chinese",Gudbrandsdalsost,1440.00
"Chop-suey Chinese",Ikura,471.20
"Chop-suey Chinese",Konbu,36.00
"Chop-suey Chinese","Longlife Tofu",304.00
"Chop-suey Chinese","Manjimup Dried Apples",1510.50
"Chop-suey Chinese","Pâté chinois",342.72
"Chop-suey Chinese","Singaporean Hokkien Fried Mee",392.00
"Chop-suey Chinese","Sir Rodney's Scones",380.00
"Chop-suey Chinese","Tarte au sucre",946.56
"Chop-suey Chinese",Vegie-spread,1843.80
"Chop-suey Chinese","Wimmers gute Semmelknödel",798.00
"Comércio Mineiro","Chef Anton's Gumbo Mix",340.00
"Comércio Mineiro","Gnocchi di nonna Alice",912.00
"Comércio Mineiro","Gula Malacca",291.75
"Comércio Mineiro",Maxilaku,240.00
"Comércio Mineiro","Original Frankfurter grüne Soße",104.00
"Comércio Mineiro","Queso Cabrales",168.00
"Comércio Mineiro","Sirop d'érable",114.00
"Comércio Mineiro",Spegesild,156.00
"Comércio Mineiro","Thüringer Rostbratwurst",1485.00
"Consolidated Holdings",Chang,152.00
"Consolidated Holdings","Chef Anton's Gumbo Mix",640.50
"Consolidated Holdings","Gustaf's Knäckebröd",201.60
"Consolidated Holdings",Konbu,4.80
"Consolidated Holdings","Mishi Kobe Niku",291.00
"Consolidated Holdings","Mozzarella di Giovanni",278.00
"Consolidated Holdings",Tunnbröd,151.20
"Die Wandernde Kuh","Boston Crab Meat",147.00
"Die Wandernde Kuh",Chai,183.60
"Die Wandernde Kuh",Chang,541.50
"Die Wandernde Kuh",Geitost,47.50
"Die Wandernde Kuh","Gnocchi di nonna Alice",608.00
"Die Wandernde Kuh","Gorgonzola Telino",390.00
"Die Wandernde Kuh",Gudbrandsdalsost,1116.00
"Die Wandernde Kuh","Gustaf's Knäckebröd",315.00
"Die Wandernde Kuh","Ipoh Coffee",883.20
"Die Wandernde Kuh","Mascarpone Fabioli",1736.00
"Die Wandernde Kuh","Outback Lager",168.75
"Die Wandernde Kuh","Pâté chinois",316.80
"Die Wandernde Kuh","Perth Pasties",524.00
"Die Wandernde Kuh","Queso Manchego La Pastora",722.00
"Die Wandernde Kuh","Rhönbräu Klosterbier",62.00
"Die Wandernde Kuh","Rössle Sauerkraut",145.60
"Die Wandernde Kuh","Sir Rodney's Scones",320.00
"Die Wandernde Kuh","Sirop d'érable",342.00
"Die Wandernde Kuh","Steeleye Stout",307.80
"Die Wandernde Kuh","Teatime Chocolate Biscuits",82.80
"Die Wandernde Kuh",Tunnbröd,180.00
"Die Wandernde Kuh","Wimmers gute Semmelknödel",448.88
"Drachenblut Delikatessen","Gorgonzola Telino",200.00
"Drachenblut Delikatessen","Gumbär Gummibärchen",374.76
"Drachenblut Delikatessen","Jack's New England Clam Chowder",86.85
"Drachenblut Delikatessen",Konbu,128.40
"Drachenblut Delikatessen",Lakkalikööri,172.80
"Drachenblut Delikatessen","Perth Pasties",656.00
"Drachenblut Delikatessen","Queso Cabrales",420.00
"Drachenblut Delikatessen","Raclette Courdavault",1650.00
"Drachenblut Delikatessen","Rhönbräu Klosterbier",74.40
"Du monde entier","Alice Mutton",585.00
"Du monde entier",Chai,54.00
"Du monde entier","Filo Mix",63.00
"Du monde entier",Gudbrandsdalsost,201.60
"Du monde entier",Ikura,310.00
"Du monde entier","Jack's New England Clam Chowder",135.10
"Du monde entier","Sasquatch Ale",140.00
"Du monde entier","Singaporean Hokkien Fried Mee",67.20
"Du monde entier","Sir Rodney's Scones",60.00
"Eastern Connection","Camembert Pierrot",1700.00
"Eastern Connection",Chai,337.50
"Eastern Connection","Chef Anton's Cajun Seasoning",550.00
"Eastern Connection","Chef Anton's Gumbo Mix",480.38
"Eastern Connection",Fløtemysost,1161.00
"Eastern Connection",Geitost,75.00
"Eastern Connection",Gudbrandsdalsost,864.00
"Eastern Connection","Gumbär Gummibärchen",374.76
"Eastern Connection","Ipoh Coffee",276.00
"Eastern Connection","Louisiana Fiery Hot Pepper Sauce",442.05
"Eastern Connection","Louisiana Hot Spiced Okra",408.00
"Eastern Connection",Maxilaku,480.00
"Eastern Connection","Mozzarella di Giovanni",696.00
"Eastern Connection","Nord-Ost Matjeshering",388.35
"Eastern Connection","Pâté chinois",840.00
"Eastern Connection","Queso Cabrales",105.00
"Eastern Connection","Steeleye Stout",504.00
"Eastern Connection","Thüringer Rostbratwurst",2079.00
"Eastern Connection","Uncle Bob's Organic Dried Pears",3000.00
"Ernst Handel","Alice Mutton",3730.35
"Ernst Handel","Aniseed Syrup",430.00
"Ernst Handel","Boston Crab Meat",1674.40
"Ernst Handel","Camembert Pierrot",5440.00
"Ernst Handel","Carnarvon Tigers",450.00
"Ernst Handel",Chang,760.00
"Ernst Handel","Chartreuse verte",2916.00
"Ernst Handel","Chef Anton's Gumbo Mix",1428.00
"Ernst Handel",Chocolade,606.90
"Ernst Handel","Côte de Blaye",4005.20
"Ernst Handel",Fløtemysost,1036.30
"Ernst Handel",Geitost,120.00
"Ernst Handel","Gnocchi di nonna Alice",3572.00
"Ernst Handel","Gorgonzola Telino",1730.00
"Ernst Handel","Guaraná Fantástica",1090.80
"Ernst Handel",Gudbrandsdalsost,3051.00
"Ernst Handel","Gula Malacca",1133.83
"Ernst Handel","Gumbär Gummibärchen",929.09
"Ernst Handel","Gustaf's Knäckebröd",1092.00
"Ernst Handel",Ikura,2635.00
"Ernst Handel","Jack's New England Clam Chowder",486.10
"Ernst Handel",Konbu,397.80
"Ernst Handel","Longlife Tofu",616.00
"Ernst Handel","Louisiana Fiery Hot Pepper Sauce",2280.39
"Ernst Handel","Louisiana Hot Spiced Okra",816.00
"Ernst Handel","Manjimup Dried Apples",6042.00
"Ernst Handel","Mascarpone Fabioli",122.88
"Ernst Handel","Mozzarella di Giovanni",600.48
"Ernst Handel","Nord-Ost Matjeshering",931.50
"Ernst Handel","Outback Lager",564.00
"Ernst Handel","Pâté chinois",1326.00
"Ernst Handel",Pavlova,2007.87
"Ernst Handel","Queso Cabrales",819.00
"Ernst Handel","Queso Manchego La Pastora",3062.80
"Ernst Handel","Raclette Courdavault",8514.00
"Ernst Handel","Ravioli Angelo",858.00
"Ernst Handel","Rhönbräu Klosterbier",430.90
"Ernst Handel","Rössle Sauerkraut",5054.28
"Ernst Handel","Røgede sild",243.68
"Ernst Handel","Sasquatch Ale",1911.00
"Ernst Handel","Schoggi Schokolade",1317.00
"Ernst Handel","Singaporean Hokkien Fried Mee",492.80
"Ernst Handel","Sir Rodney's Marmalade",3159.00
"Ernst Handel","Sir Rodney's Scones",1086.00
"Ernst Handel","Sirop d'érable",4163.85
"Ernst Handel",Spegesild,432.00
"Ernst Handel","Steeleye Stout",1031.40
"Ernst Handel","Tarte au sucre",3352.40
"Ernst Handel","Thüringer Rostbratwurst",2797.21
"Ernst Handel",Tofu,217.39
"Ernst Handel",Tourtière,472.00
"Ernst Handel",Tunnbröd,432.00
"Ernst Handel","Uncle Bob's Organic Dried Pears",540.00
"Ernst Handel","Valkoinen suklaa",357.50
"Ernst Handel",Vegie-spread,3818.00
"Ernst Handel","Wimmers gute Semmelknödel",6290.90
"Familia Arquibaldo","Boston Crab Meat",58.80
"Familia Arquibaldo","Camembert Pierrot",346.80
"Familia Arquibaldo","Chartreuse verte",612.00
"Familia Arquibaldo","Filo Mix",28.00
"Familia Arquibaldo",Geitost,100.00
"Familia Arquibaldo","Guaraná Fantástica",92.25
"Familia Arquibaldo","Jack's New England Clam Chowder",115.80
"Familia Arquibaldo","Nord-Ost Matjeshering",776.70
"Familia Arquibaldo","NuNuCa Nuß-Nougat-Creme",112.00
"Familia Arquibaldo","Pâté chinois",144.00
"Familia Arquibaldo","Perth Pasties",779.00
"Familia Arquibaldo","Rhönbräu Klosterbier",341.62
"Familia Arquibaldo","Sasquatch Ale",112.00
"Familia Arquibaldo",Spegesild,91.80
"Familia Arquibaldo","Teatime Chocolate Biscuits",124.83
"Familia Arquibaldo",Tourtière,223.50
"Familia Arquibaldo","Zaanse koeken",48.45
"Folies gourmandes","Carnarvon Tigers",5000.00
"Folies gourmandes","Gravad lax",208.00
"Folies gourmandes","Guaraná Fantástica",90.00
"Folies gourmandes","Gustaf's Knäckebröd",126.00
"Folies gourmandes","Manjimup Dried Apples",795.00
"Folies gourmandes","Raclette Courdavault",528.00
"Folies gourmandes","Rhönbräu Klosterbier",15.50
"Folies gourmandes","Scottish Longbreads",225.00
"Folies gourmandes","Sir Rodney's Scones",400.00
"Folies gourmandes","Steeleye Stout",270.00
"Folies gourmandes","Tarte au sucre",1379.00
"Folies gourmandes",Tourtière,35.40
"Folies gourmandes","Uncle Bob's Organic Dried Pears",1050.00
"Folies gourmandes",Vegie-spread,1317.00
"Folies gourmandes","Zaanse koeken",228.00
"Folk och fä HB",Chang,931.00
"Folk och fä HB","Chartreuse verte",828.00
"Folk och fä HB","Chef Anton's Cajun Seasoning",1045.00
"Folk och fä HB","Escargots de Bourgogne",254.40
"Folk och fä HB",Fløtemysost,103.20
"Folk och fä HB","Gnocchi di nonna Alice",2280.00
"Folk och fä HB","Gorgonzola Telino",18.75
"Folk och fä HB","Gula Malacca",194.50
"Folk och fä HB","Gustaf's Knäckebröd",525.00
"Folk och fä HB","Jack's New England Clam Chowder",532.74
"Folk och fä HB",Lakkalikööri,1030.32
"Folk och fä HB","Louisiana Hot Spiced Okra",850.00
"Folk och fä HB","Manjimup Dried Apples",4664.00
"Folk och fä HB","Mozzarella di Giovanni",835.20
"Folk och fä HB","Nord-Ost Matjeshering",579.60
"Folk och fä HB","Outback Lager",735.00
"Folk och fä HB","Pâté chinois",756.00
"Folk och fä HB","Queso Cabrales",772.80
"Folk och fä HB","Raclette Courdavault",1925.00
"Folk och fä HB","Rhönbräu Klosterbier",341.00
"Folk och fä HB","Röd Kaviar",867.00
"Folk och fä HB","Scottish Longbreads",157.50
"Folk och fä HB","Sirop d'érable",684.00
"Folk och fä HB",Spegesild,300.00
"Folk och fä HB","Tarte au sucre",251.43
"Folk och fä HB","Thüringer Rostbratwurst",4642.13
"Folk och fä HB",Tunnbröd,216.00
"Folk och fä HB","Uncle Bob's Organic Dried Pears",1800.00
"Folk och fä HB",Vegie-spread,878.00
"Folk och fä HB","Zaanse koeken",570.00
"France restauration",Lakkalikööri,360.00
"France restauration","Louisiana Fiery Hot Pepper Sauce",252.60
"France restauration","Manjimup Dried Apples",159.00
"France restauration",Pavlova,174.50
"France restauration","Tarte au sucre",493.00
"France restauration","Thüringer Rostbratwurst",1733.06
"Franchi S.p.A.","Boston Crab Meat",18.40
"Franchi S.p.A.","Camembert Pierrot",136.00
"Franchi S.p.A.","Carnarvon Tigers",500.00
"Franchi S.p.A.","Gumbär Gummibärchen",49.80
"Franchi S.p.A.","Longlife Tofu",50.00
"Franchi S.p.A.","Manjimup Dried Apples",530.00
"Franchi S.p.A.","Original Frankfurter grüne Soße",130.00
"Franchi S.p.A.","Røgede sild",38.00
"Franchi S.p.A.","Teatime Chocolate Biscuits",46.00
"Franchi S.p.A.","Zaanse koeken",47.50
Frankenversand,"Boston Crab Meat",735.00
Frankenversand,"Camembert Pierrot",1774.80
Frankenversand,Chang,291.84
Frankenversand,"Escargots de Bourgogne",397.50
Frankenversand,Fløtemysost,2257.50
Frankenversand,"Gorgonzola Telino",448.00
Frankenversand,"Gravad lax",582.40
Frankenversand,"Guaraná Fantástica",148.50
Frankenversand,Gudbrandsdalsost,855.00
Frankenversand,"Gumbär Gummibärchen",597.60
Frankenversand,"Inlagd Sill",790.40
Frankenversand,"Jack's New England Clam Chowder",183.35
Frankenversand,Lakkalikööri,183.60
Frankenversand,"Laughing Lumberjack Lager",350.00
Frankenversand,"Mozzarella di Giovanni",1278.80
Frankenversand,"Nord-Ost Matjeshering",517.80
Frankenversand,"Original Frankfurter grüne Soße",195.00
Frankenversand,"Pâté chinois",614.40
Frankenversand,Pavlova,471.15
Frankenversand,"Perth Pasties",328.00
Frankenversand,"Raclette Courdavault",3938.00
Frankenversand,"Rhönbräu Klosterbier",573.50
Frankenversand,"Röd Kaviar",942.00
Frankenversand,"Sir Rodney's Scones",1129.00
Frankenversand,Spegesild,720.00
Frankenversand,"Steeleye Stout",486.00
Frankenversand,"Tarte au sucre",554.63
Frankenversand,"Teatime Chocolate Biscuits",561.20
Frankenversand,"Thüringer Rostbratwurst",1646.41
Frankenversand,Tofu,1185.75
Frankenversand,Tourtière,307.31
Frankenversand,Tunnbröd,864.00
Frankenversand,"Wimmers gute Semmelknödel",748.13
"Furia Bacalhau e Frutos do Mar","Camembert Pierrot",601.80
"Furia Bacalhau e Frutos do Mar","Chef Anton's Cajun Seasoning",225.28
"Furia Bacalhau e Frutos do Mar",Chocolade,68.85
"Furia Bacalhau e Frutos do Mar","Gnocchi di nonna Alice",1117.20
"Furia Bacalhau e Frutos do Mar","Guaraná Fantástica",36.00
"Furia Bacalhau e Frutos do Mar","Gula Malacca",975.63
"Furia Bacalhau e Frutos do Mar",Ikura,632.40
"Furia Bacalhau e Frutos do Mar","Ipoh Coffee",110.40
"Furia Bacalhau e Frutos do Mar",Lakkalikööri,162.00
"Furia Bacalhau e Frutos do Mar","Louisiana Fiery Hot Pepper Sauce",940.39
"Furia Bacalhau e Frutos do Mar","Original Frankfurter grüne Soße",61.88
"Furia Bacalhau e Frutos do Mar",Pavlova,593.30
"Furia Bacalhau e Frutos do Mar","Raclette Courdavault",396.00
"Furia Bacalhau e Frutos do Mar","Scottish Longbreads",100.00
"Furia Bacalhau e Frutos do Mar","Steeleye Stout",306.00
"Furia Bacalhau e Frutos do Mar",Tourtière,100.30
"Galería del gastrónomo","Gnocchi di nonna Alice",152.00
"Galería del gastrónomo",Ikura,155.00
"Galería del gastrónomo",Lakkalikööri,90.00
"Galería del gastrónomo","Louisiana Fiery Hot Pepper Sauce",84.00
"Galería del gastrónomo","NuNuCa Nuß-Nougat-Creme",70.00
"Galería del gastrónomo","Original Frankfurter grüne Soße",52.00
"Galería del gastrónomo","Wimmers gute Semmelknödel",186.20
"Galería del gastrónomo","Zaanse koeken",47.50
"Godos Cocina Típica","Alice Mutton",748.80
"Godos Cocina Típica","Boston Crab Meat",529.20
"Godos Cocina Típica","Camembert Pierrot",306.00
"Godos Cocina Típica",Chai,180.00
"Godos Cocina Típica",Chang,380.00
"Godos Cocina Típica","Guaraná Fantástica",54.00
"Godos Cocina Típica",Ikura,310.00
"Godos Cocina Típica","Inlagd Sill",256.50
"Godos Cocina Típica","Laughing Lumberjack Lager",210.00
"Godos Cocina Típica","Louisiana Fiery Hot Pepper Sauce",873.55
"Godos Cocina Típica","Manjimup Dried Apples",2120.00
"Godos Cocina Típica","Outback Lager",60.00
"Godos Cocina Típica","Pâté chinois",324.00
"Godos Cocina Típica","Scottish Longbreads",360.00
"Godos Cocina Típica","Sir Rodney's Scones",54.00
"Godos Cocina Típica","Sirop d'érable",256.50
"Godos Cocina Típica","Tarte au sucre",936.70
"Godos Cocina Típica","Teatime Chocolate Biscuits",92.00
"Godos Cocina Típica","Thüringer Rostbratwurst",2475.80
"Godos Cocina Típica","Valkoinen suklaa",146.25
"Godos Cocina Típica","Wimmers gute Semmelknödel",773.06
"Gourmet Lanchonetes","Camembert Pierrot",340.00
"Gourmet Lanchonetes",Chang,152.00
"Gourmet Lanchonetes","Gnocchi di nonna Alice",646.00
"Gourmet Lanchonetes","Gorgonzola Telino",140.00
"Gourmet Lanchonetes","Grandma's Boysenberry Spread",750.00
"Gourmet Lanchonetes",Ikura,620.00
"Gourmet Lanchonetes","Jack's New England Clam Chowder",38.60
"Gourmet Lanchonetes",Lakkalikööri,360.00
"Gourmet Lanchonetes","Manjimup Dried Apples",1484.00
"Gourmet Lanchonetes","Nord-Ost Matjeshering",427.19
"Gourmet Lanchonetes","Northwoods Cranberry Sauce",1600.00
"Gourmet Lanchonetes","Queso Manchego La Pastora",121.60
"Gourmet Lanchonetes","Raclette Courdavault",880.00
"Gourmet Lanchonetes","Rhönbräu Klosterbier",131.75
"Gourmet Lanchonetes","Singaporean Hokkien Fried Mee",504.00
"Gourmet Lanchonetes","Uncle Bob's Organic Dried Pears",76.50
"Gourmet Lanchonetes","Zaanse koeken",142.50
"Great Lakes Food Market","Camembert Pierrot",510.00
"Great Lakes Food Market",Chai,144.00
"Great Lakes Food Market","Côte de Blaye",11264.63
"Great Lakes Food Market",Fløtemysost,306.38
"Great Lakes Food Market",Geitost,16.00
"Great Lakes Food Market","Gnocchi di nonna Alice",532.00
"Great Lakes Food Market","Gula Malacca",490.14
"Great Lakes Food Market","Inlagd Sill",456.00
"Great Lakes Food Market","Mozzarella di Giovanni",313.20
"Great Lakes Food Market","Outback Lager",213.75
"Great Lakes Food Market","Queso Cabrales",63.00
"Great Lakes Food Market","Raclette Courdavault",1402.50
"Great Lakes Food Market","Sir Rodney's Scones",308.00
"Great Lakes Food Market","Steeleye Stout",72.00
"Great Lakes Food Market","Tarte au sucre",936.70
"Great Lakes Food Market","Teatime Chocolate Biscuits",248.40
"Great Lakes Food Market","Thüringer Rostbratwurst",185.69
"Great Lakes Food Market",Tofu,62.78
"Great Lakes Food Market","Wimmers gute Semmelknödel",931.00
"Great Lakes Food Market","Zaanse koeken",51.30
GROSELLA-Restaurante,Ikura,310.00
GROSELLA-Restaurante,"Mozzarella di Giovanni",111.20
GROSELLA-Restaurante,"Rhönbräu Klosterbier",77.50
GROSELLA-Restaurante,"Thüringer Rostbratwurst",990.00
"Hanari Carnes","Alice Mutton",585.00
"Hanari Carnes","Carnarvon Tigers",1250.00
"Hanari Carnes","Chartreuse verte",604.80
"Hanari Carnes","Côte de Blaye",18076.10
"Hanari Carnes","Filo Mix",71.40
"Hanari Carnes",Fløtemysost,174.15
"Hanari Carnes","Gnocchi di nonna Alice",570.00
"Hanari Carnes","Gorgonzola Telino",762.50
"Hanari Carnes","Guaraná Fantástica",299.25
"Hanari Carnes",Gudbrandsdalsost,1080.00
"Hanari Carnes",Ikura,2170.00
"Hanari Carnes","Inlagd Sill",688.75
"Hanari Carnes","Ipoh Coffee",1104.00
"Hanari Carnes","Jack's New England Clam Chowder",77.00
"Hanari Carnes",Konbu,240.00
"Hanari Carnes","Louisiana Fiery Hot Pepper Sauce",1338.27
"Hanari Carnes","Manjimup Dried Apples",1261.40
"Hanari Carnes",Maxilaku,640.00
"Hanari Carnes","Original Frankfurter grüne Soße",812.50
"Hanari Carnes","Queso Cabrales",236.25
"Hanari Carnes","Scottish Longbreads",250.00
"Hanari Carnes","Sirop d'érable",228.00
"Hanari Carnes","Teatime Chocolate Biscuits",322.00
HILARIÓN-Abastos,"Boston Crab Meat",1196.00
HILARIÓN-Abastos,Chai,306.00
HILARIÓN-Abastos,Chang,950.00
HILARIÓN-Abastos,"Chartreuse verte",86.40
HILARIÓN-Abastos,"Escargots de Bourgogne",135.15
HILARIÓN-Abastos,Fløtemysost,645.00
HILARIÓN-Abastos,"Gorgonzola Telino",250.00
HILARIÓN-Abastos,"Guaraná Fantástica",164.25
HILARIÓN-Abastos,Gudbrandsdalsost,1569.60
HILARIÓN-Abastos,"Gula Malacca",194.50
HILARIÓN-Abastos,"Gumbär Gummibärchen",524.66
HILARIÓN-Abastos,"Jack's New England Clam Chowder",521.10
HILARIÓN-Abastos,Konbu,403.20
HILARIÓN-Abastos,"Longlife Tofu",128.00
HILARIÓN-Abastos,"Manjimup Dried Apples",2120.00
HILARIÓN-Abastos,"Mascarpone Fabioli",128.00
HILARIÓN-Abastos,"Nord-Ost Matjeshering",776.70
HILARIÓN-Abastos,"NuNuCa Nuß-Nougat-Creme",210.00
HILARIÓN-Abastos,"Original Frankfurter grüne Soße",156.00
HILARIÓN-Abastos,"Outback Lager",144.00
HILARIÓN-Abastos,"Pâté chinois",36.48
HILARIÓN-Abastos,"Perth Pasties",1650.60
HILARIÓN-Abastos,"Queso Cabrales",84.00
HILARIÓN-Abastos,"Raclette Courdavault",4565.00
HILARIÓN-Abastos,"Ravioli Angelo",390.00
HILARIÓN-Abastos,"Rhönbräu Klosterbier",765.70
HILARIÓN-Abastos,"Rössle Sauerkraut",912.00
HILARIÓN-Abastos,"Schoggi Schokolade",877.50
HILARIÓN-Abastos,"Scottish Longbreads",300.00
HILARIÓN-Abastos,"Singaporean Hokkien Fried Mee",420.00
HILARIÓN-Abastos,Spegesild,241.92
HILARIÓN-Abastos,"Steeleye Stout",720.00
HILARIÓN-Abastos,"Wimmers gute Semmelknödel",1197.00
"Hungry Coyote Import Store","Alice Mutton",62.40
"Hungry Coyote Import Store",Geitost,40.00
"Hungry Coyote Import Store",Konbu,48.00
"Hungry Coyote Import Store","Röd Kaviar",450.00
"Hungry Coyote Import Store","Sir Rodney's Marmalade",1701.00
"Hungry Coyote Import Store","Tarte au sucre",394.00
"Hungry Coyote Import Store",Tofu,279.00
"Hungry Coyote Import Store",Tourtière,88.80
"Hungry Owl All-Night Grocers","Boston Crab Meat",662.40
"Hungry Owl All-Night Grocers","Camembert Pierrot",146.88
"Hungry Owl All-Night Grocers","Carnarvon Tigers",1856.25
"Hungry Owl All-Night Grocers",Chai,202.50
"Hungry Owl All-Night Grocers",Chang,693.12
"Hungry Owl All-Night Grocers","Chartreuse verte",43.20
"Hungry Owl All-Night Grocers","Chef Anton's Cajun Seasoning",352.00
"Hungry Owl All-Night Grocers","Escargots de Bourgogne",1197.80
"Hungry Owl All-Night Grocers",Fløtemysost,1588.85
"Hungry Owl All-Night Grocers","Gnocchi di nonna Alice",1140.00
"Hungry Owl All-Night Grocers","Gorgonzola Telino",800.00
"Hungry Owl All-Night Grocers","Grandma's Boysenberry Spread",600.00
"Hungry Owl All-Night Grocers",Ikura,418.50
"Hungry Owl All-Night Grocers","Inlagd Sill",541.50
"Hungry Owl All-Night Grocers","Ipoh Coffee",736.00
"Hungry Owl All-Night Grocers","Jack's New England Clam Chowder",955.35
"Hungry Owl All-Night Grocers",Lakkalikööri,535.50
"Hungry Owl All-Night Grocers","Louisiana Fiery Hot Pepper Sauce",1263.00
"Hungry Owl All-Night Grocers","Manjimup Dried Apples",1787.16
"Hungry Owl All-Night Grocers","Mascarpone Fabioli",1130.88
"Hungry Owl All-Night Grocers","Mishi Kobe Niku",3637.50
"Hungry Owl All-Night Grocers","Nord-Ost Matjeshering",1267.38
"Hungry Owl All-Night Grocers","Original Frankfurter grüne Soße",341.25
"Hungry Owl All-Night Grocers","Outback Lager",360.00
"Hungry Owl All-Night Grocers",Pavlova,565.38
"Hungry Owl All-Night Grocers","Perth Pasties",565.08
"Hungry Owl All-Night Grocers","Queso Cabrales",630.00
"Hungry Owl All-Night Grocers","Raclette Courdavault",4713.50
"Hungry Owl All-Night Grocers","Rhönbräu Klosterbier",155.00
"Hungry Owl All-Night Grocers","Sasquatch Ale",420.00
"Hungry Owl All-Night Grocers","Singaporean Hokkien Fried Mee",302.40
"Hungry Owl All-Night Grocers","Tarte au sucre",591.00
"Hungry Owl All-Night Grocers","Thüringer Rostbratwurst",16711.65
"Hungry Owl All-Night Grocers",Tofu,1627.50
"Hungry Owl All-Night Grocers","Valkoinen suklaa",520.00
"Hungry Owl All-Night Grocers",Vegie-spread,921.38
"Island Trading","Camembert Pierrot",714.00
"Island Trading",Chang,190.00
"Island Trading",Fløtemysost,528.90
"Island Trading",Geitost,24.00
"Island Trading","Gnocchi di nonna Alice",570.00
"Island Trading","Jack's New England Clam Chowder",154.00
"Island Trading",Konbu,60.00
"Island Trading",Lakkalikööri,266.40
"Island Trading","Mozzarella di Giovanni",348.00
"Island Trading","Northwoods Cranberry Sauce",800.00
"Island Trading","Outback Lager",660.00
"Island Trading","Perth Pasties",65.60
"Island Trading","Raclette Courdavault",330.00
"Island Trading","Sasquatch Ale",156.80
"Island Trading","Sirop d'érable",855.00
"Island Trading","Steeleye Stout",144.00
"Island Trading","Tarte au sucre",98.60
"Island Trading","Teatime Chocolate Biscuits",46.00
"Island Trading",Tunnbröd,135.00
"Königlich Essen","Aniseed Syrup",490.00
"Königlich Essen","Boston Crab Meat",938.40
"Königlich Essen","Chartreuse verte",57.60
"Königlich Essen","Côte de Blaye",7905.00
"Königlich Essen","Genen Shouyu",62.00
"Königlich Essen","Gorgonzola Telino",40.00
"Königlich Essen","Grandma's Boysenberry Spread",120.00
"Königlich Essen","Guaraná Fantástica",121.50
"Königlich Essen","Gumbär Gummibärchen",1539.64
"Königlich Essen","Inlagd Sill",1140.00
"Königlich Essen","Ipoh Coffee",552.00
"Königlich Essen",Konbu,159.60
"Königlich Essen",Lakkalikööri,630.00
"Königlich Essen",Maxilaku,285.60
"Königlich Essen","Mozzarella di Giovanni",1112.00
"Königlich Essen","Nord-Ost Matjeshering",1071.75
"Königlich Essen","Northwoods Cranberry Sauce",1200.00
"Königlich Essen","NuNuCa Nuß-Nougat-Creme",271.60
"Königlich Essen","Outback Lager",189.00
"Königlich Essen","Pâté chinois",1113.60
"Königlich Essen",Pavlova,349.00
"Königlich Essen","Queso Cabrales",299.25
"Königlich Essen","Queso Manchego La Pastora",1368.00
"Königlich Essen","Raclette Courdavault",4279.00
"Königlich Essen","Sir Rodney's Scones",272.00
"Königlich Essen","Tarte au sucre",2033.63
"Königlich Essen","Thüringer Rostbratwurst",2970.96
"Königlich Essen",Tofu,167.40
"Königlich Essen",Tourtière,169.86
"La corne d'abondance","Alice Mutton",234.00
"La corne d'abondance","Filo Mix",35.00
"La corne d'abondance",Geitost,17.50
"La corne d'abondance","Gumbär Gummibärchen",156.15
"La corne d'abondance","Jack's New England Clam Chowder",57.90
"La corne d'abondance",Lakkalikööri,360.00
"La corne d'abondance","Outback Lager",60.00
"La corne d'abondance","Rhönbräu Klosterbier",77.50
"La corne d'abondance","Schoggi Schokolade",439.00
"La corne d'abondance","Sir Rodney's Marmalade",405.00
"La corne d'abondance","Uncle Bob's Organic Dried Pears",150.00
"La maison d'Asie",Chai,345.60
"La maison d'Asie",Chang,270.75
"La maison d'Asie",Geitost,32.00
"La maison d'Asie","Genen Shouyu",176.70
"La maison d'Asie","Guaraná Fantástica",70.20
"La maison d'Asie",Gudbrandsdalsost,725.76
"La maison d'Asie","Gula Malacca",248.96
"La maison d'Asie","Inlagd Sill",661.01
"La maison d'Asie","Ipoh Coffee",368.00
"La maison d'Asie",Konbu,14.40
"La maison d'Asie",Lakkalikööri,417.60
"La maison d'Asie","Laughing Lumberjack Lager",268.80
"La maison d'Asie","Louisiana Fiery Hot Pepper Sauce",226.80
"La maison d'Asie","Louisiana Hot Spiced Okra",122.40
"La maison d'Asie","NuNuCa Nuß-Nougat-Creme",112.00
"La maison d'Asie","Pâté chinois",144.00
"La maison d'Asie",Pavlova,222.40
"La maison d'Asie","Rhönbräu Klosterbier",55.80
"La maison d'Asie","Rössle Sauerkraut",346.56
"La maison d'Asie","Sasquatch Ale",106.40
"La maison d'Asie","Singaporean Hokkien Fried Mee",112.00
"La maison d'Asie",Spegesild,76.80
"La maison d'Asie","Tarte au sucre",1576.00
"La maison d'Asie","Thüringer Rostbratwurst",2352.01
"La maison d'Asie","Valkoinen suklaa",175.50
"La maison d'Asie","Wimmers gute Semmelknödel",99.75
"Laughing Bacchus Wine Cellars","Filo Mix",35.00
"Laughing Bacchus Wine Cellars","Guaraná Fantástica",22.50
"Laughing Bacchus Wine Cellars","Jack's New England Clam Chowder",154.00
"Laughing Bacchus Wine Cellars",Konbu,42.00
"Laughing Bacchus Wine Cellars","NuNuCa Nuß-Nougat-Creme",70.00
"Laughing Bacchus Wine Cellars","Original Frankfurter grüne Soße",52.00
"Laughing Bacchus Wine Cellars","Outback Lager",75.00
"Laughing Bacchus Wine Cellars",Tunnbröd,72.00
"Lazy K Kountry Store","Boston Crab Meat",147.00
"Lazy K Kountry Store","Queso Cabrales",210.00
"Lehmanns Marktstand","Alice Mutton",351.00
"Lehmanns Marktstand","Boston Crab Meat",515.20
"Lehmanns Marktstand","Camembert Pierrot",1300.50
"Lehmanns Marktstand",Chai,1188.00
"Lehmanns Marktstand",Chang,323.00
"Lehmanns Marktstand","Filo Mix",56.00
"Lehmanns Marktstand",Geitost,75.00
"Lehmanns Marktstand","Genen Shouyu",368.13
"Lehmanns Marktstand","Gnocchi di nonna Alice",425.60
"Lehmanns Marktstand","Gorgonzola Telino",500.00
"Lehmanns Marktstand","Grandma's Boysenberry Spread",500.00
"Lehmanns Marktstand",Gudbrandsdalsost,576.00
"Lehmanns Marktstand","Gula Malacca",325.50
"Lehmanns Marktstand","Gumbär Gummibärchen",148.34
"Lehmanns Marktstand",Lakkalikööri,273.60
"Lehmanns Marktstand","Laughing Lumberjack Lager",42.00
"Lehmanns Marktstand","Mozzarella di Giovanni",695.00
"Lehmanns Marktstand","Nord-Ost Matjeshering",1042.07
"Lehmanns Marktstand","Northwoods Cranberry Sauce",960.00
"Lehmanns Marktstand","Original Frankfurter grüne Soße",260.00
"Lehmanns Marktstand",Pavlova,444.98
"Lehmanns Marktstand","Queso Cabrales",525.00
"Lehmanns Marktstand","Queso Manchego La Pastora",427.50
"Lehmanns Marktstand","Raclette Courdavault",1375.00
"Lehmanns Marktstand","Rhönbräu Klosterbier",155.00
"Lehmanns Marktstand","Schoggi Schokolade",394.88
"Lehmanns Marktstand","Scottish Longbreads",38.00
"Lehmanns Marktstand","Sir Rodney's Marmalade",1360.80
"Lehmanns Marktstand","Thüringer Rostbratwurst",2228.22
"Lehmanns Marktstand",Tourtière,59.60
"Lehmanns Marktstand","Wimmers gute Semmelknödel",2327.50
"Let's Stop N Shop","Carnarvon Tigers",562.50
"Let's Stop N Shop","Genen Shouyu",155.00
"Let's Stop N Shop","Gnocchi di nonna Alice",758.10
"Let's Stop N Shop","Louisiana Fiery Hot Pepper Sauce",239.97
"Let's Stop N Shop","Nord-Ost Matjeshering",58.25
"Let's Stop N Shop","Original Frankfurter grüne Soße",23.40
"Let's Stop N Shop","Rhönbräu Klosterbier",162.75
"Let's Stop N Shop","Sir Rodney's Scones",380.00
"Let's Stop N Shop","Sirop d'érable",513.00
"Let's Stop N Shop",Tourtière,223.50
LILA-Supermercado,"Camembert Pierrot",1126.08
LILA-Supermercado,"Chartreuse verte",122.40
LILA-Supermercado,"Filo Mix",105.00
LILA-Supermercado,"Genen Shouyu",248.00
LILA-Supermercado,Gudbrandsdalsost,432.00
LILA-Supermercado,"Gumbär Gummibärchen",1456.65
LILA-Supermercado,Ikura,595.20
LILA-Supermercado,Konbu,57.00
LILA-Supermercado,"Longlife Tofu",112.00
LILA-Supermercado,"Mascarpone Fabioli",1600.00
LILA-Supermercado,Maxilaku,500.00
LILA-Supermercado,"Mozzarella di Giovanni",674.15
LILA-Supermercado,"Nord-Ost Matjeshering",512.37
LILA-Supermercado,"Original Frankfurter grüne Soße",370.50
LILA-Supermercado,"Outback Lager",525.00
LILA-Supermercado,"Pâté chinois",864.00
LILA-Supermercado,Pavlova,417.00
LILA-Supermercado,"Queso Cabrales",579.60
LILA-Supermercado,"Queso Manchego La Pastora",969.00
LILA-Supermercado,"Raclette Courdavault",1980.00
LILA-Supermercado,"Ravioli Angelo",292.50
LILA-Supermercado,"Rössle Sauerkraut",912.00
LILA-Supermercado,"Sir Rodney's Scones",240.00
LILA-Supermercado,Spegesild,180.00
LILA-Supermercado,"Teatime Chocolate Biscuits",131.40
LILA-Supermercado,Tourtière,111.75
LILA-Supermercado,Tunnbröd,535.50
LILA-Supermercado,"Uncle Bob's Organic Dried Pears",427.50
LINO-Delicateses,"Aniseed Syrup",544.00
LINO-Delicateses,"Boston Crab Meat",920.00
LINO-Delicateses,"Camembert Pierrot",693.60
LINO-Delicateses,"Carnarvon Tigers",1171.88
LINO-Delicateses,Chai,954.00
LINO-Delicateses,Chang,273.60
LINO-Delicateses,"Chartreuse verte",144.00
LINO-Delicateses,"Escargots de Bourgogne",298.13
LINO-Delicateses,"Gorgonzola Telino",265.63
LINO-Delicateses,"Inlagd Sill",712.50
LINO-Delicateses,"Jack's New England Clam Chowder",243.18
LINO-Delicateses,"Louisiana Fiery Hot Pepper Sauce",442.05
LINO-Delicateses,Maxilaku,1200.00
LINO-Delicateses,"Mozzarella di Giovanni",2088.00
LINO-Delicateses,"NuNuCa Nuß-Nougat-Creme",403.20
LINO-Delicateses,"Outback Lager",985.50
LINO-Delicateses,"Pâté chinois",518.40
LINO-Delicateses,Pavlova,834.11
LINO-Delicateses,"Ravioli Angelo",546.00
LINO-Delicateses,"Rössle Sauerkraut",912.00
LINO-Delicateses,"Røgede sild",475.00
LINO-Delicateses,"Sir Rodney's Scones",300.00
LINO-Delicateses,"Steeleye Stout",553.50
LINO-Delicateses,"Teatime Chocolate Biscuits",186.30
LINO-Delicateses,Tunnbröd,162.00
LINO-Delicateses,"Valkoinen suklaa",650.00
"Lonesome Pine Restaurant","Carnarvon Tigers",625.00
"Lonesome Pine Restaurant",Chai,288.00
"Lonesome Pine Restaurant","Gnocchi di nonna Alice",190.00
"Lonesome Pine Restaurant","Guaraná Fantástica",36.00
"Lonesome Pine Restaurant",Lakkalikööri,180.00
"Lonesome Pine Restaurant","Laughing Lumberjack Lager",98.00
"Lonesome Pine Restaurant","Manjimup Dried Apples",1060.00
"Lonesome Pine Restaurant","Perth Pasties",98.40
"Lonesome Pine Restaurant","Queso Manchego La Pastora",760.00
"Lonesome Pine Restaurant","Raclette Courdavault",55.00
"Lonesome Pine Restaurant","Rössle Sauerkraut",319.20
"Lonesome Pine Restaurant","Scottish Longbreads",155.00
"Lonesome Pine Restaurant","Tarte au sucre",394.00
"Magazzini Alimentari Riuniti","Boston Crab Meat",55.20
"Magazzini Alimentari Riuniti",Chang,161.50
"Magazzini Alimentari Riuniti","Chartreuse verte",30.60
"Magazzini Alimentari Riuniti","Chef Anton's Cajun Seasoning",308.00
"Magazzini Alimentari Riuniti","Chef Anton's Gumbo Mix",288.23
"Magazzini Alimentari Riuniti","Guaraná Fantástica",141.84
"Magazzini Alimentari Riuniti","Gumbär Gummibärchen",709.65
"Magazzini Alimentari Riuniti","Gustaf's Knäckebröd",840.00
"Magazzini Alimentari Riuniti","Inlagd Sill",570.00
"Magazzini Alimentari Riuniti","Jack's New England Clam Chowder",193.00
"Magazzini Alimentari Riuniti","Laughing Lumberjack Lager",476.00
"Magazzini Alimentari Riuniti","Louisiana Hot Spiced Okra",408.00
"Magazzini Alimentari Riuniti","Mascarpone Fabioli",640.00
"Magazzini Alimentari Riuniti",Maxilaku,456.00
"Magazzini Alimentari Riuniti","Mozzarella di Giovanni",887.40
"Magazzini Alimentari Riuniti","NuNuCa Nuß-Nougat-Creme",134.40
"Magazzini Alimentari Riuniti","Raclette Courdavault",250.80
"Magazzini Alimentari Riuniti","Scottish Longbreads",200.00
"Magazzini Alimentari Riuniti","Singaporean Hokkien Fried Mee",425.60
"Maison Dewey","Boston Crab Meat",184.00
"Maison Dewey","Gnocchi di nonna Alice",608.00
"Maison Dewey",Gudbrandsdalsost,360.00
"Maison Dewey","Gula Malacca",99.20
"Maison Dewey","Gumbär Gummibärchen",187.38
"Maison Dewey","Ipoh Coffee",1035.00
"Maison Dewey",Lakkalikööri,108.00
"Maison Dewey","Mozzarella di Giovanni",522.00
"Maison Dewey","Northwoods Cranberry Sauce",680.00
"Maison Dewey","NuNuCa Nuß-Nougat-Creme",126.00
"Maison Dewey","Pâté chinois",336.00
"Maison Dewey","Raclette Courdavault",2090.00
"Maison Dewey","Rössle Sauerkraut",912.00
"Maison Dewey","Røgede sild",142.50
"Maison Dewey","Schoggi Schokolade",1756.00
"Maison Dewey","Scottish Longbreads",250.00
"Maison Dewey","Sir Rodney's Scones",340.00
"Mère Paillarde","Alice Mutton",2074.80
"Mère Paillarde","Camembert Pierrot",2261.00
"Mère Paillarde","Carnarvon Tigers",1600.00
"Mère Paillarde",Chai,360.00
"Mère Paillarde","Chef Anton's Cajun Seasoning",176.00
"Mère Paillarde","Côte de Blaye",8263.36
"Mère Paillarde",Fløtemysost,306.38
"Mère Paillarde","Gnocchi di nonna Alice",2926.00
"Mère Paillarde","Gorgonzola Telino",399.00
"Mère Paillarde","Grandma's Boysenberry Spread",1750.00
"Mère Paillarde","Guaraná Fantástica",101.25
"Mère Paillarde","Gustaf's Knäckebröd",840.00
"Mère Paillarde",Ikura,496.00
"Mère Paillarde","Longlife Tofu",240.00
"Mère Paillarde","Original Frankfurter grüne Soße",741.00
"Mère Paillarde",Pavlova,719.73
"Mère Paillarde","Queso Cabrales",299.25
"Mère Paillarde","Queso Manchego La Pastora",456.00
"Mère Paillarde","Raclette Courdavault",1045.00
"Mère Paillarde","Scottish Longbreads",427.50
"Mère Paillarde","Singaporean Hokkien Fried Mee",89.60
"Mère Paillarde","Sir Rodney's Scones",420.00
"Mère Paillarde","Sirop d'érable",142.50
"Mère Paillarde","Steeleye Stout",691.20
"Mère Paillarde","Tarte au sucre",1251.10
"Mère Paillarde","Wimmers gute Semmelknödel",698.25
"Mère Paillarde","Zaanse koeken",97.28
"Morgenstern Gesundkost","Gorgonzola Telino",125.00
"Morgenstern Gesundkost",Konbu,120.00
"Morgenstern Gesundkost",Lakkalikööri,180.00
"Morgenstern Gesundkost","Mozzarella di Giovanni",1044.00
"Morgenstern Gesundkost",Pavlova,349.00
"Morgenstern Gesundkost","Raclette Courdavault",660.00
"Morgenstern Gesundkost","Rössle Sauerkraut",728.00
"Morgenstern Gesundkost","Tarte au sucre",1458.80
"Morgenstern Gesundkost",Vegie-spread,263.40
"Morgenstern Gesundkost","Zaanse koeken",114.00
North/South,Chai,144.00
North/South,"Filo Mix",42.00
North/South,Gudbrandsdalsost,108.00
North/South,"Outback Lager",135.00
North/South,"Raclette Courdavault",220.00
"Océano Atlántico Ltda.","Chef Anton's Gumbo Mix",427.00
"Océano Atlántico Ltda.",Konbu,30.00
"Océano Atlántico Ltda.",Lakkalikööri,180.00
"Océano Atlántico Ltda.","Mozzarella di Giovanni",174.00
"Océano Atlántico Ltda.","Original Frankfurter grüne Soße",195.00
"Océano Atlántico Ltda.","Queso Cabrales",630.00
"Océano Atlántico Ltda.","Raclette Courdavault",110.00
"Océano Atlántico Ltda.","Sir Rodney's Marmalade",1215.00
"Océano Atlántico Ltda.","Sir Rodney's Scones",96.00
"Océano Atlántico Ltda.",Tofu,223.20
"Océano Atlántico Ltda.","Uncle Bob's Organic Dried Pears",180.00
"Old World Delicatessen","Alice Mutton",624.00
"Old World Delicatessen","Carnarvon Tigers",1125.00
"Old World Delicatessen","Chartreuse verte",388.80
"Old World Delicatessen","Escargots de Bourgogne",397.50
"Old World Delicatessen","Filo Mix",168.00
"Old World Delicatessen","Gnocchi di nonna Alice",1558.00
"Old World Delicatessen","Gorgonzola Telino",362.50
"Old World Delicatessen","Gula Malacca",233.40
"Old World Delicatessen","Ipoh Coffee",1104.00
"Old World Delicatessen",Lakkalikööri,765.00
"Old World Delicatessen","Louisiana Fiery Hot Pepper Sauce",268.39
"Old World Delicatessen","Manjimup Dried Apples",848.00
"Old World Delicatessen","Nord-Ost Matjeshering",310.50
"Old World Delicatessen",Pavlova,1875.88
"Old World Delicatessen","Raclette Courdavault",440.00
"Old World Delicatessen","Schoggi Schokolade",1755.00
"Old World Delicatessen","Singaporean Hokkien Fried Mee",420.00
"Old World Delicatessen","Sir Rodney's Scones",135.00
"Old World Delicatessen","Sirop d'érable",171.00
"Old World Delicatessen","Thüringer Rostbratwurst",2227.50
"Ottilies Käseladen","Boston Crab Meat",368.00
"Ottilies Käseladen","Camembert Pierrot",1020.00
"Ottilies Käseladen",Chang,760.00
"Ottilies Käseladen","Chartreuse verte",180.00
"Ottilies Käseladen",Fløtemysost,258.00
"Ottilies Käseladen","Gorgonzola Telino",101.25
"Ottilies Käseladen",Gudbrandsdalsost,432.00
"Ottilies Käseladen",Ikura,632.40
"Ottilies Käseladen","Jack's New England Clam Chowder",358.26
"Ottilies Käseladen",Konbu,60.00
